<?xml version="1.0" encoding="UTF-8"?>
<configuration debug="false">
    <!--定义日志文件的存储地址 勿在 LogBack 的配置中使用相对路径-->
    <property name="LOG_HOME" value="${logdir:-./logs}}"/>
    <property name="LOG_FILE" value="nuls"/>
    <!-- 控制台输出 -->
    <appender name="STDOUT" class="ch.qos.logback.core.ConsoleAppender">
        <encoder class="ch.qos.logback.classic.encoder.PatternLayoutEncoder">
            <!--格式化输出：%d表示日期，%thread表示线程名，%-5level：级别从左显示5个字符宽度%msg：日志消息，%n是换行符-->
            <pattern>%d{yyyy-MM-dd HH:mm:ss.SSS} [%thread] %-5level - %msg%n</pattern>
        </encoder>
    </appender>


    <appender name="FILE" class="ch.qos.logback.core.rolling.RollingFileAppender">
        <!-- file被写入的文件名，可以是相对目录，也可以是绝对目录，如果上级目录不存在会自动创建，没有默认值。-->
        <file>${LOG_HOME}/${LOG_FILE}.log</file>
        <!-- append如果是 true，日志被追加到文件结尾，如果是 false，清空现存文件，默认是true。-->
        <append>true</append>
        <!-- rollingPolicy当发生滚动时，决定 RollingFileAppender 的行为，涉及文件移动和重命名。-->
        <rollingPolicy class="ch.qos.logback.core.rolling.TimeBasedRollingPolicy">
            <fileNamePattern>${LOG_HOME}/${LOG_FILE}-%d{yyyy-MM-dd}.%i.zip</fileNamePattern>
            <!--日志保存天数-->
            <maxHistory>7</maxHistory>
            <!--滚动策略:日志文件大于100MB时生成一个新的日志文件，每天生成一个新的日志文件-->
            <TimeBasedFileNamingAndTriggeringPolicy class="ch.qos.logback.core.rolling.SizeAndTimeBasedFNATP">
                <MaxFileSize>100MB</MaxFileSize>
            </TimeBasedFileNamingAndTriggeringPolicy>
        </rollingPolicy>
        <!-- 对记录事件进行格式化 -->
        <encoder>
            <pattern>%d{yyyy-MM-dd HH:mm:ss.SSS} [%thread] %-5level - %msg%n</pattern>
            <immediateFlush>true</immediateFlush>
        </encoder>
    </appender>

    <appender name="BLOCK_FILE" class="ch.qos.logback.core.rolling.RollingFileAppender">
        <!-- file被写入的文件名，可以是相对目录，也可以是绝对目录，如果上级目录不存在会自动创建，没有默认值。-->
        <file>${LOG_HOME}/block.log</file>
        <!-- append如果是 true，日志被追加到文件结尾，如果是 false，清空现存文件，默认是true。-->
        <append>true</append>
        <!-- rollingPolicy当发生滚动时，决定 RollingFileAppender 的行为，涉及文件移动和重命名。-->
        <rollingPolicy class="ch.qos.logback.core.rolling.TimeBasedRollingPolicy">
            <fileNamePattern>${LOG_HOME}/block-%d{yyyy-MM-dd}.%i.zip</fileNamePattern>
            <!--日志保存天数-->
            <maxHistory>7</maxHistory>
            <!--滚动策略:日志文件大于100MB时生成一个新的日志文件，每天生成一个新的日志文件-->
            <TimeBasedFileNamingAndTriggeringPolicy class="ch.qos.logback.core.rolling.SizeAndTimeBasedFNATP">
                <MaxFileSize>100MB</MaxFileSize>
            </TimeBasedFileNamingAndTriggeringPolicy>
        </rollingPolicy>
        <!-- 对记录事件进行格式化 -->
        <encoder>
            <pattern>%d{yyyy-MM-dd HH:mm:ss.SSS} [%thread] %-5level - %msg%n</pattern>
            <immediateFlush>true</immediateFlush>
        </encoder>
    </appender>

    <appender name="MESSAGE_FILE" class="ch.qos.logback.core.rolling.RollingFileAppender">
        <!-- file被写入的文件名，可以是相对目录，也可以是绝对目录，如果上级目录不存在会自动创建，没有默认值。-->
        <file>${LOG_HOME}/message.log</file>
        <!-- append如果是 true，日志被追加到文件结尾，如果是 false，清空现存文件，默认是true。-->
        <append>true</append>
        <!-- rollingPolicy当发生滚动时，决定 RollingFileAppender 的行为，涉及文件移动和重命名。-->
        <rollingPolicy class="ch.qos.logback.core.rolling.TimeBasedRollingPolicy">
            <fileNamePattern>${LOG_HOME}/message-%d{yyyy-MM-dd}.%i.zip</fileNamePattern>
            <!--日志保存天数-->
            <maxHistory>7</maxHistory>
            <!--滚动策略:日志文件大于100MB时生成一个新的日志文件，每天生成一个新的日志文件-->
            <TimeBasedFileNamingAndTriggeringPolicy class="ch.qos.logback.core.rolling.SizeAndTimeBasedFNATP">
                <MaxFileSize>100MB</MaxFileSize>
            </TimeBasedFileNamingAndTriggeringPolicy>
        </rollingPolicy>
        <!-- 对记录事件进行格式化 -->
        <encoder>
            <pattern>%d{yyyy-MM-dd HH:mm:ss.SSS} [%thread] %-5level - %msg%n</pattern>
            <immediateFlush>true</immediateFlush>
        </encoder>
    </appender>

    <appender name="CHAIN_FILE" class="ch.qos.logback.core.rolling.RollingFileAppender">
        <!-- file被写入的文件名，可以是相对目录，也可以是绝对目录，如果上级目录不存在会自动创建，没有默认值。-->
        <file>${LOG_HOME}/chain.log</file>
        <!-- append如果是 true，日志被追加到文件结尾，如果是 false，清空现存文件，默认是true。-->
        <append>true</append>
        <!-- rollingPolicy当发生滚动时，决定 RollingFileAppender 的行为，涉及文件移动和重命名。-->
        <rollingPolicy class="ch.qos.logback.core.rolling.TimeBasedRollingPolicy">
            <fileNamePattern>${LOG_HOME}/chain-%d{yyyy-MM-dd}.%i.zip</fileNamePattern>
            <!--日志保存天数-->
            <maxHistory>7</maxHistory>
            <!--滚动策略:日志文件大于100MB时生成一个新的日志文件，每天生成一个新的日志文件-->
            <TimeBasedFileNamingAndTriggeringPolicy class="ch.qos.logback.core.rolling.SizeAndTimeBasedFNATP">
                <MaxFileSize>100MB</MaxFileSize>
            </TimeBasedFileNamingAndTriggeringPolicy>
        </rollingPolicy>
        <!-- 对记录事件进行格式化 -->
        <encoder>
            <pattern>%d{yyyy-MM-dd HH:mm:ss.SSS} [%thread] %-5level - %msg%n</pattern>
            <immediateFlush>true</immediateFlush>
        </encoder>
    </appender>

    <appender name="CONSENSUS_FILE" class="ch.qos.logback.core.rolling.RollingFileAppender">
        <!-- file被写入的文件名，可以是相对目录，也可以是绝对目录，如果上级目录不存在会自动创建，没有默认值。-->
        <file>${LOG_HOME}/consensus.log</file>
        <!-- append如果是 true，日志被追加到文件结尾，如果是 false，清空现存文件，默认是true。-->
        <append>true</append>
        <!-- rollingPolicy当发生滚动时，决定 RollingFileAppender 的行为，涉及文件移动和重命名。-->
        <rollingPolicy class="ch.qos.logback.core.rolling.TimeBasedRollingPolicy">
            <fileNamePattern>${LOG_HOME}/consensus-%d{yyyy-MM-dd}.%i.zip</fileNamePattern>
            <!--日志保存天数-->
            <maxHistory>7</maxHistory>
            <!--滚动策略:日志文件大于100MB时生成一个新的日志文件，每天生成一个新的日志文件-->
            <TimeBasedFileNamingAndTriggeringPolicy class="ch.qos.logback.core.rolling.SizeAndTimeBasedFNATP">
                <MaxFileSize>100MB</MaxFileSize>
            </TimeBasedFileNamingAndTriggeringPolicy>
        </rollingPolicy>
        <!-- 对记录事件进行格式化 -->
        <encoder>
            <pattern>%d{yyyy-MM-dd HH:mm:ss.SSS} [%thread] %-5level - %msg%n</pattern>
            <immediateFlush>true</immediateFlush>
        </encoder>
    </appender>
    <!-- 日志输出级别 -->
    <root level="INFO">
        <appender-ref ref="STDOUT"/>
        <appender-ref ref="FILE"/>
    </root>
    <logger name="org.apache.ibatis" level="debug" additivity="false"/>
    <logger name="org.ehcache" level="info" additivity="false"/>
    <logger name="io.nuls.db.dao.impl.mybatis.mapper" level="debug" additivity="false"/>

    <logger name="blockLog" level="DEBUG" additivity="false">
        <appender-ref ref="BLOCK_FILE"></appender-ref>
    </logger>

    <logger name="chainLog" level="DEBUG" additivity="false">
        <appender-ref ref="CHAIN_FILE"></appender-ref>
    </logger>

    <logger name="consensusLog" level="DEBUG" additivity="false">
        <appender-ref ref="CONSENSUS_FILE"></appender-ref>
    </logger>
    <logger name="messageLog" level="DEBUG" additivity="false">
        <appender-ref ref="MESSAGE_FILE"></appender-ref>
    </logger>

    <!--    日志异步到数据库
        <appender name="DB" class="ch.qos.logback.classic.db.DBAppender">
        &lt;!&ndash;日志异步到数据库 &ndash;&gt;
        <connectionSource class="ch.qos.logback.core.db.DriverManagerConnectionSource">
        &lt;!&ndash;连接池 &ndash;&gt;
        <dataSource class="com.mchange.v2.c3p0.ComboPooledDataSource">
        <driverClass>com.mysql.jdbc.Driver</driverClass>
        <url>jdbc:mysql://127.0.0.1:3306/databaseName</url>
        <user>root</user>
        <password>root</password>
        </dataSource>
        </connectionSource>
        </appender>-->
</configuration>